SN,SubstanceCategory,Substance,NewSubstanceUsed,N,New Category,Subcategory,Active substance,Active substance category,Chemical/formulation,Commercial Product
140,Water sanitizer,Polgard plus,Polgard plus,2,Disinfectant,,3-Methyl-4-propylheptane,Disinfectants - Non Cl based,Formulation,Yes
7,Pesticides,Azodrin(Trade name),Azodrin(Trade name),2,Pesticide,Insecticide - organophosphate,Acephate,Pesticide,Formulation,Yes
62,Probiotic,Biomar,Biomax,2,Probiotic,,Alcaligenes denitrificans,Probiotic - bacteria,Formulation,Yes
142,Anticeptic,Prawn Tech,Prawn Tech,39,Disinfectant,,Alkyl-dimethyl-benzyl-ammonium chloride,Disinfectants - Cl based,Formulation,Yes
130,"Immunostimulant, Feed additive",Mutagen,Mutagen,118,Immunostimulant,,Alpha starch,Feed Supplement,Formulation,Yes
163,Probiotic,Zymetin,Zymetin,113,Probiotic,,Alpha starch,Feed Supplement,Formulation,Yes
3,Water and sediment,Aluminum potassium sulfate,Aluminum potassium sulfate,13,Pesticide,Insecticide - piscicide,Alum,Coagulant,Chemical,No
3,Water and sediment,Aluminum potassium sulfate,Aluminum potassium sulfate,13,Pesticide,Insecticide - piscicide,Alum,Coagulant,Chemical,No
48,Pesticides,Sofsin (Trade name),Sofsin (Trade name),1,Pesticide,Insecticide - organophosphate,Aluminum phosphide,Pesticide,Formulation,Yes
50,Feed supplements,Vitamins,Square aquamix,2,Nutritional Supplement,,Amino acids,Feed Supplement,Formulation,Yes
149,Organic and inorganic compounds,Sentrox-Oma gel,Sentrox-Oma gel,10,Nutritional Supplement,,Amino acids,Feed Supplement,Formulation,Yes
63,Immunostimulant,Biozyme,Biozyme,4,Immunostimulant,,Amylase,Enzymes,Formulation,Yes
163,Probiotic,Zymetin,Zymetin,113,Probiotic,,Antioxidants,Antioxidants,Formulation,Yes
120,Immunostimulant,Eon Fish Grower,Eon Fish Grower,3,Nutritional Supplement,,Vitamin C,Antioxidants,Formulation,Yes
141,Probiotic,Pond Care,Pond Care,6,Probiotic,,Aspergillus niger,Probiotic - other,Formulation,Yes
59,Probiotic,Bio-fav Aqua,Bio-fav Aqua,1,Probiotic,,Aspergillus oryzae,Probiotic - other,Formulation,Yes
141,Probiotic,Pond Care,Pond Care,6,Probiotic,,Aspergillus oryzae,Probiotic - other,Formulation,Yes
130,"Immunostimulant, Feed additive",Mutagen,Mutagen,118,Nutritional Supplement,,Astaxantin,Feed Supplement,Formulation,Yes
141,Probiotic,Pond Care,Pond Care,6,Probiotic,,Bacillus amyloliquefaciens,Probiotic - bacteria,Formulation,Yes
144,Probiotic,Pro-2,Pro-2,4,Probiotic,,Bacillus amyloliquefaciens,Probiotic - bacteria,Formulation,Yes
141,Probiotic,Pond Care,Pond Care,6,Probiotic,,Bacillus coagulans,Probiotic - bacteria,Formulation,Yes
59,Probiotic,Bio-fav Aqua,Bio-fav Aqua,1,Probiotic,,Bacillus firmus,Probiotic - bacteria,Formulation,Yes
63,Immunostimulant,Biozyme,Biozyme,4,Immunostimulant,,Bacillus glucanase,Enzymes,Formulation,Yes
59,Probiotic,Bio-fav Aqua,Bio-fav Aqua,1,Probiotic,,Bacillus licheniformis,Probiotic - bacteria,Formulation,Yes
62,Probiotic,Biomar,Biomax,2,Probiotic,,Bacillus licheniformis,Probiotic - bacteria,Formulation,Yes
132,Probiotic,Navio Plus,Navio Plus,1,Probiotic,,Bacillus licheniformis,Probiotic - bacteria,Formulation,Yes
141,Probiotic,Pond Care,Pond Care,6,Probiotic,,Bacillus licheniformis,Probiotic - bacteria,Formulation,Yes
143,Organic matter decompose,Pro 400X,Pro 400X,2,Probiotic,,Bacillus licheniformis,Probiotic - bacteria,Formulation,Yes
144,Probiotic,Pro-2,Pro-2,4,Probiotic,,Bacillus licheniformis,Probiotic - bacteria,Formulation,Yes
145,Probiotic,Pro-W,Pro-W,25,Probiotic,,Bacillus licheniformis,Probiotic - bacteria,Formulation,Yes
159,Unknown,Viva Soil,Viva Soil,7,Probiotic,,Bacillus licheniformis,Probiotic - bacteria,Formulation,Yes
59,Probiotic,Bio-fav Aqua,Bio-fav Aqua,1,Probiotic,,Bacillus megaterium,Probiotic - bacteria,Formulation,Yes
61,Probiotic,Biocult,Biocult,3,Probiotic,,Bacillus megaterium,Probiotic - bacteria,Formulation,Yes
132,Probiotic,Navio Plus,Navio Plus,1,Probiotic,,Bacillus megaterium,Probiotic - bacteria,Formulation,Yes
141,Probiotic,Pond Care,Pond Care,6,Probiotic,,Bacillus megaterium,Probiotic - bacteria,Formulation,Yes
144,Probiotic,Pro-2,Pro-2,4,Probiotic,,Bacillus megaterium,Probiotic - bacteria,Formulation,Yes
163,Probiotic,Zymetin,Zymetin,113,Probiotic,,Bacillus mesentericus,Probiotic - bacteria,Formulation,Yes
57,Probiotic,Bacten,Bacten,2,Probiotic,,Bacillus polymyxa,Probiotic - bacteria,Formulation,Yes
59,Probiotic,Bio-fav Aqua,Bio-fav Aqua,1,Probiotic,,Bacillus polymyxa,Probiotic - bacteria,Formulation,Yes
141,Probiotic,Pond Care,Pond Care,6,Probiotic,,Bacillus polymyxa,Probiotic - bacteria,Formulation,Yes
141,Probiotic,Pond Care,Pond Care,6,Probiotic,,Bacillus pumilus,Probiotic - bacteria,Formulation,Yes
144,Probiotic,Pro-2,Pro-2,4,Probiotic,,Bacillus pumilus,Probiotic - bacteria,Formulation,Yes
60,Probiotic,Bio-trim,Bio-trim,44,Probiotic,,Bacillus spp.,Probiotic - bacteria,Formulation,Yes
155,Probiotic,Super Biotic,Super Biotic,111,Probiotic,,Bacillus spp.,Probiotic - bacteria,Formulation,Yes
164,Probiotic,pH Fixer,pH Fixer,123,Probiotic,,Bacillus spp.,Probiotic - bacteria,Formulation,Yes
57,Probiotic,Bacten,Bacten,2,Probiotic,,Bacillus subtilis,Probiotic - bacteria,Formulation,Yes
59,Probiotic,Bio-fav Aqua,Bio-fav Aqua,1,Probiotic,,Bacillus subtilis,Probiotic - bacteria,Formulation,Yes
62,Probiotic,Biomar,Biomax,2,Probiotic,,Bacillus subtilis,Probiotic - bacteria,Formulation,Yes
63,Immunostimulant,Biozyme,Biozyme,4,Immunostimulant,,Bacillus subtilis,Probiotic - bacteria,Formulation,Yes
132,Probiotic,Navio Plus,Navio Plus,1,Probiotic,,Bacillus subtilis,Probiotic - bacteria,Formulation,Yes
141,Probiotic,Pond Care,Pond Care,6,Probiotic,,Bacillus subtilis,Probiotic - bacteria,Formulation,Yes
143,Organic matter decompose,Pro 400X,Pro 400X,2,Probiotic,,Bacillus subtilis,Probiotic - bacteria,Formulation,Yes
144,Probiotic,Pro-2,Pro-2,4,Probiotic,,Bacillus subtilis,Probiotic - bacteria,Formulation,Yes
145,Probiotic,Pro-W,Pro-W,25,Probiotic,,Bacillus subtilis,Probiotic - bacteria,Formulation,Yes
158,Unknown,Viva Pond,Viva Pond,3,Probiotic,,Bacillus subtilis,Probiotic - bacteria,Formulation,Yes
159,Unknown,Viva Soil,Viva Soil,7,Probiotic,,Bacillus subtilis,Probiotic - bacteria,Formulation,Yes
163,Probiotic,Zymetin,Zymetin,113,Probiotic,,Bacillus subtilis,Probiotic - bacteria,Formulation,Yes
125,"Probiotic, Immunostimulant",Gut Plus,Gut Plus,6,Probiotic,,Beneficial bacteria,Probiotic - bacteria,Formulation,Yes
8,Disinfectants,Benzalkonium chloride (BKC),Zephiran,48,Disinfectant,,Benzalkonium chloride,Disinfectants - Cl based,Formulation,Yes
36,Disinfectants,Other disinfectants,Timsen,1,Disinfectant,,Benzalkonium chloride,Disinfectants - Cl based,Formulation,Yes
136,"Immunostimulant, Antibiotic",Ossi C,Ossi C,2,Immunostimulant,,Beta Glucan,Feed Supplement,Formulation,Yes
134,"Immunostimulant, Antibiotic",Nutrigel,Nutrigel,1,Nutritional Supplement,,Betane hydrochloride,Feed Supplement,Formulation,Yes
57,Probiotic,Bacten,Bacten,2,Probiotic,,Bifidobacterium longum,Probiotic - bacteria,Formulation,Yes
57,Probiotic,Bacten,Bacten,2,Probiotic,,Bifidobacterum thermophillum,Probiotic - bacteria,Formulation,Yes
56,Mineral elements,A. Soil,A. Soil,72,Sediment treatment,,Boron,Mineral elements,Formulation,Yes
154,Mineral elements,Soil Gold,Soil Gold,1,Sediment treatment,,Boron,Mineral elements,Formulation,Yes
63,Immunostimulant,Biozyme,Biozyme,4,Immunostimulant,,Calcium,Mineral elements,Formulation,Yes
109,Immunostimulant,Calmag,Calmag,144,Nutritional Supplement,,Calcium,Mineral elements,Formulation,Yes
110,Mineral elements,Calsimag,Calsimag,1,Nutritional Supplement,,Calcium,Mineral elements,Formulation,Yes
112,Immunostimulant,Chelamin,Chelamin,1,Nutritional Supplement,,Calcium,Mineral elements,Formulation,Yes
122,Immunostimulant,Exorich,Exorich,15,Nutritional Supplement,,Calcium,Mineral elements,Formulation,Yes
123,Immunostimulant,Gelatin,Gelatin,23,Nutritional Supplement,,Calcium,Mineral elements,Formulation,Yes
153,Immunostimulant,Soda mix,Soda mix,148,Nutritional Supplement,,Calcium,Mineral elements,Formulation,Yes
9,Water and sediment,Calcium carbonate,Agricultural lime,970,Sediment treatment,,Calcium carbonate,Inorganic compound,Chemical,No
9,Water and sediment,Calcium carbonate,Agricultural lime,970,Water quality treatment,,Calcium carbonate,Inorganic compound,Chemical,No
150,Mineral elements,Shell min,Shell min,2,Nutritional Supplement,,Calcium carbonate,Inorganic compound,Formulation,Yes
151,Minerals and liming compounds,Soda Fix,Soda Fix,1,Water quality treatment,,Calcium carbonate,Inorganic compound,Formulation,Yes
150,Mineral elements,Shell min,Shell min,2,Nutritional Supplement,,Calcium chloride,Inorganic compound,Formulation,Yes
11,Water and sediment,Calcium hydroxide,Hydrated lime,1,Sediment treatment,,Calcium hydroxide,Inorganic compound,Chemical,No
11,Water and sediment,Calcium hydroxide,Hydrated lime,1,Water quality treatment,,Calcium hydroxide,Inorganic compound,Chemical,No
13,Disinfectants,Calcium hypochlorite,Bleaching powder,22,Disinfectant,,Calcium hypochlorite,Disinfectants - Cl based,Chemical,No
26,Water and sediment,Dolomite,Dolomite,5,Sediment treatment,,Calcium magnesium carbonate,Inorganic compound,Chemical,No
26,Water and sediment,Dolomite,Dolomite,5,Water quality treatment,,Calcium magnesium carbonate,Inorganic compound,Chemical,No
119,Mineral buffer,Dolomite,Dolomite,2,Water quality treatment,,Calcium magnesium carbonate,Inorganic compound,Chemical,No
14,Water and sediment,Calcium oxide,Quicklime,17,Sediment treatment,,Calcium oxide,Oxygen precursors,Chemical,No
14,Water and sediment,Calcium oxide,Quicklime,17,Water quality treatment,,Calcium oxide,Oxygen precursors,Chemical,No
62,Probiotic,Biomar,Biomax,2,Probiotic,,Calcium oxide,Oxygen precursors,Formulation,Yes
120,Immunostimulant,Eon Fish Grower,Eon Fish Grower,3,Nutritional Supplement,,Calcium pantothenate,Vitamins,Formulation,Yes
158,Unknown,Viva Pond,Viva Pond,3,Probiotic,,Candida utilis,Probiotic - other,Formulation,Yes
16,Pesticides,Carbofuran,Furadan,26,Pesticide,Insecticide - piscicide,Carbafuran,Pesticide,Formulation,Yes
16,Pesticides,Carbafuran,Furadan,26,Pesticide,Insecticide - piscicide,Carbafuran,Pesticide,Formulation,Yes
17,Pesticides,Carbafuran,Carbamol (Trade name),1,Pesticide,Insecticide - piscicide,Carbafuran,Pesticide,Formulation,Yes
17,Pesticides,Carbamol (Trade name),Carbamol (Trade name),1,Pesticide,Insecticide - piscicide,Carbafuran,Pesticide,Formulation,Yes
56,Mineral elements,A. Soil,A. Soil,72,Sediment treatment,,Carbon,Mineral elements,Formulation,Yes
61,Probiotic,Biocult,Biocult,3,Probiotic,,Carbon,Mineral elements,Formulation,Yes
123,Immunostimulant,Gelatin,Gelatin,23,Nutritional Supplement,,Carotinoid,Vitamins,Formulation,Yes
30,Pesticides,Gastape (Trade name),Gastape (Trade name),1,Water quality treatment,,Cartap,Pesticide,Formulation,Yes
57,Probiotic,Bacten,Bacten,2,Probiotic,,Cellulase,Enzymes,Formulation,Yes
59,Probiotic,Bio-fav Aqua,Bio-fav Aqua,1,Probiotic,,Cellulomonas cartae,Probiotic - bacteria,Formulation,Yes
19,Pesticides,Chlorantraniliprol,Coragen,7,Pesticide,Insecticide - piscicide,Chlorantraniliprol,Pesticide,Formulation,Yes
20,Pesticides,Chlorater (Trade name),Chlorater (Trade name),6,Pesticide,Herbicide,Chlorate,Pesticide,Formulation,Yes
153,Immunostimulant,Soda mix,Soda mix,148,Nutritional Supplement,,Chlorine,Disinfectants - Cl based,Formulation,Yes
21,Pesticides,Chlorpyrifos,Agricultural pesticide,15,Pesticide,Insecticide - organophosphate,Chlorpyrifos,Pesticide,Chemical,No
22,Antibiotics,Chlortetracycline,Cotra-Vet,2,Antibiotic,Tetracycline,Chlortetracycline,Antimicrobial,Formulation,Yes
123,Immunostimulant,Gelatin,Gelatin,23,Nutritional Supplement,,Cholesterol,Feed Supplement,Formulation,Yes
133,Immunostimulant,Nutri Gel,Nutri Gel,1,Nutritional Supplement,,Cholesterol,Feed Supplement,Formulation,Yes
64,Immunostimulant,Blue Mix,Blue Mix,3,Immunostimulant,,Choline,Vitamins,Formulation,Yes
127,Immunostimulant,K-Max,K-Max,115,Nutritional Supplement,,Choride,Disinfectants - Cl based,Formulation,Yes
112,Immunostimulant,Chelamin,Chelamin,1,Nutritional Supplement,,Chromium,Mineral elements,Formulation,Yes
122,Immunostimulant,Exorich,Exorich,15,Nutritional Supplement,,Chromium,Mineral elements,Formulation,Yes
154,Mineral elements,Soil Gold,Soil Gold,1,Sediment treatment,,Chromium,Mineral elements,Formulation,Yes
59,Probiotic,Bio-fav Aqua,Bio-fav Aqua,1,Probiotic,,Clostridium butyricum,Probiotic - bacteria,Formulation,Yes
163,Probiotic,Zymetin,Zymetin,113,Probiotic,,Clostridium butyricum,Probiotic - bacteria,Formulation,Yes
122,Immunostimulant,Exorich,Exorich,15,Nutritional Supplement,,Cobalamin,Vitamins,Formulation,Yes
64,Immunostimulant,Blue Mix,Blue Mix,3,Immunostimulant,,Cobalt,Mineral elements,Formulation,Yes
112,Immunostimulant,Chelamin,Chelamin,1,Nutritional Supplement,,Cobalt,Mineral elements,Formulation,Yes
117,Immunostimulant,DCP Plus,DCP Plus,1,Nutritional Supplement,,Cobalt,Mineral elements,Formulation,Yes
154,Mineral elements,Soil Gold,Soil Gold,1,Sediment treatment,,Cobalt,Mineral elements,Formulation,Yes
62,Probiotic,Biomar,Biomax,2,Probiotic,,Cobalt sulphate,Feed Supplement,Formulation,Yes
134,"Immunostimulant, Antibiotic",Nutrigel,Nutrigel,1,Nutritional Supplement,,Cobalt sulphate,Feed Supplement,Formulation,Yes
58,Toxic gas reducer,Bio clean,Bio clean,25,Water quality treatment,,Cooked proteins,Feed Supplement,Formulation,Yes
64,Immunostimulant,Blue Mix,Blue Mix,3,Immunostimulant,,Copper,Mineral elements,Formulation,Yes
112,Immunostimulant,Chelamin,Chelamin,1,Nutritional Supplement,,Copper,Mineral elements,Formulation,Yes
117,Immunostimulant,DCP Plus,DCP Plus,1,Nutritional Supplement,,Copper,Mineral elements,Formulation,Yes
122,Immunostimulant,Exorich,Exorich,15,Nutritional Supplement,,Copper,Mineral elements,Formulation,Yes
154,Mineral elements,Soil Gold,Soil Gold,1,Sediment treatment,,Copper,Mineral elements,Formulation,Yes
62,Probiotic,Biomar,Biomax,2,Probiotic,,Copper sulphate,Pesticide,Formulation,Yes
120,Immunostimulant,Eon Fish Grower,Eon Fish Grower,3,Nutritional Supplement,,Copper sulphate,Pesticide,Formulation,Yes
23,Pesticides,Cyncyper (Trade name),Cyncyper (Trade name),10,Pesticide,Insecticide - pyrethroid,Cypermethrin,Pesticide,Formulation,Yes
23,Pesticides,Cypermethrin,Cyncyper (Trade name),10,Pesticide,Insecticide - pyrethroid,Cypermethrin,Pesticide,Formulation,Yes
120,Immunostimulant,Eon Fish Grower,Eon Fish Grower,3,Nutritional Supplement,,Dextrose,Feed Supplement,Formulation,Yes
163,Probiotic,Zymetin,Zymetin,113,Probiotic,,Dextrose monohydrate,Feed Supplement,Formulation,Yes
5,Pesticides,Andicone(Trade name),Andicone(Trade name),3,Pesticide,Insecticide - organophosphate,Diazinon,Pesticide,Formulation,Yes
64,Immunostimulant,Blue Mix,Blue Mix,3,Immunostimulant,,Dicalcium phosphate,Feed Supplement,Formulation,Yes
117,Mineral buffer,DCP Plus,DCP Plus,1,Nutritional Supplement,,Dicalcium phosphate,Feed Supplement,Formulation,Yes
150,Mineral elements,Shell min,Shell min,2,Nutritional Supplement,,Dicalcium phosphate,Feed Supplement,Formulation,Yes
120,Immunostimulant,Eon Fish Grower,Eon Fish Grower,3,Nutritional Supplement,,Dl-alpha tocopheryl acetate,Vitamins,Formulation,Yes
120,Immunostimulant,Eon Fish Grower,Eon Fish Grower,3,Nutritional Supplement,,DL-methionine,Feed Supplement,Formulation,Yes
45,Pesticides,Simba (Trade name),Simba (Trade name),1,Pesticide,Insecticide - piscicide,Emamectin benzoate,Pesticide,Formulation,Yes
127,Immunostimulant,K-Max,K-Max,115,Nutritional Supplement,,Enriched potassium,Mineral elements,Formulation,Yes
125,"Probiotic, Immunostimulant",Gut Plus,Gut Plus,6,Probiotic,,Enzymes,Enzymes,Formulation,Yes
57,Probiotic,Bacten,Bacten,2,Probiotic,,Enzymes - Amylase,Enzymes,Formulation,Yes
63,Immunostimulant,Biozyme,Biozyme,4,Immunostimulant,,Fat,Feed Supplement,Formulation,Yes
28,Fungicide,Flusilazole,Flusilazole,1,Pesticide,Fungicide,Flusilazole,Pesticide,Chemical,No
122,Immunostimulant,Exorich,Exorich,15,Nutritional Supplement,,Folate,Vitamins,Formulation,Yes
63,Immunostimulant,Biozyme,Biozyme,4,Immunostimulant,,Folic acid,Vitamins,Formulation,Yes
64,Immunostimulant,Blue Mix,Blue Mix,3,Immunostimulant,,Folic acid,Vitamins,Formulation,Yes
50,Feed supplements,Vitamins,Square aquamix,2,Nutritional Supplement,,Fructo-oligosaccharide,Feed Supplement,Formulation,Yes
29,Antibiotics,Furazolidone,Furoxone,2,Pesticide,Fungicide,Furazolidone,Antimicrobial,Formulation,Yes
65,Unknown,C+,C+,8,Immunostimulant,,Glucose,Feed Supplement,Formulation,Yes
162,Toxic gas reducer,Yuca,Yuca,1,Water quality treatment,,Glyco component,Feed Supplement,Formulation,Yes
50,Feed supplements,Vitamins,Square aquamix,2,Nutritional Supplement,,Helmox,Antimicrobial,Formulation,Yes
63,Immunostimulant,Biozyme,Biozyme,4,Immunostimulant,,Hemicellulase,Enzymes,Formulation,Yes
31,Pesticides,Hexako,Hexako,1,Pesticide,Insecticide - piscicide,Hexaflumuron,Pesticide,Formulation,Yes
32,Pesticides,Hildon,Hildon,1,Pesticide,Insecticide - piscicide,Hydramethylnon,Pesticide,Formulation,Yes
122,Immunostimulant,Exorich,Exorich,15,Nutritional Supplement,,Inositol,Feed Supplement,Formulation,Yes
117,Immunostimulant,DCP Plus,DCP Plus,1,Nutritional Supplement,,Iodine,Mineral elements,Formulation,Yes
63,Immunostimulant,Biozyme,Biozyme,4,Immunostimulant,,Iron,Mineral elements,Formulation,Yes
64,Immunostimulant,Blue Mix,Blue Mix,3,Immunostimulant,,Iron,Mineral elements,Formulation,Yes
112,Immunostimulant,Chelamin,Chelamin,1,Nutritional Supplement,,Iron,Mineral elements,Formulation,Yes
117,Immunostimulant,DCP Plus,DCP Plus,1,Nutritional Supplement,,Iron,Mineral elements,Formulation,Yes
122,Immunostimulant,Exorich,Exorich,15,Nutritional Supplement,,Iron,Mineral elements,Formulation,Yes
62,Probiotic,Biomar,Biomax,2,Probiotic,,Iron sulfate,Pesticide,Formulation,Yes
25,Pesticides,Dartimac (Trade name),Dartimac (Trade name),5,Pesticide,Insecticide - piscicide,Ivermectin,Pesticide,Formulation,Yes
57,Probiotic,Bacten,Bacten,2,Probiotic,,Lactobacillus acidophilus,Probiotic - bacteria,Formulation,Yes
132,Probiotic,Navio Plus,Navio Plus,1,Probiotic,,Lactobacillus acidophilus,Probiotic - bacteria,Formulation,Yes
62,Probiotic,Biomar,Biomax,2,Probiotic,,Lactobacillus helveticus,Probiotic - bacteria,Formulation,Yes
132,Probiotic,Navio Plus,Navio Plus,1,Probiotic,,Lactobacillus plantarum,Probiotic - bacteria,Formulation,Yes
62,Probiotic,Biomar,Biomax,2,Probiotic,,Lactococcus lactis,Probiotic - bacteria,Formulation,Yes
33,Pesticides,Karate (Trade name),Karate (Trade name),2,Pesticide,Insecticide - organochlorine,Lambda-cyhalothrin,Pesticide,Formulation,Yes
33,Pesticides,Lambda-cyhalothrin,Karate (Trade name),2,Pesticide,Insecticide - organochlorine,Lambda-cyhalothrin,Pesticide,Formulation,Yes
33,Pesticides,Lamba - cyhalothrin,Karate (Trade name),2,Pesticide,Insecticide - organochlorine,Lambda-cyhalothrin,Pesticide,Formulation,Yes
111,Vitamins,CeVit- Aqua,CeVit- Aqua,42,Nutritional Supplement,,Vitamin C,Antioxidants,Formulation,Yes
63,Immunostimulant,Biozyme,Biozyme,4,Immunostimulant,,Lipase,Enzymes,Formulation,Yes
163,Probiotic,Zymetin,Zymetin,113,Probiotic,,Lipase,Enzymes,Formulation,Yes
63,Immunostimulant,Biozyme,Biozyme,4,Immunostimulant,,Lysine,Feed Supplement,Formulation,Yes
56,Mineral elements,A. Soil,A. Soil,72,Sediment treatment,,Magnesium,Mineral elements,Formulation,Yes
109,Immunostimulant,Calmag,Calmag,144,Nutritional Supplement,,Magnesium,Mineral elements,Formulation,Yes
110,Mineral elements,Calsimag,Calsimag,1,Nutritional Supplement,,Magnesium,Mineral elements,Formulation,Yes
122,Immunostimulant,Exorich,Exorich,15,Nutritional Supplement,,Magnesium,Mineral elements,Formulation,Yes
127,Immunostimulant,K-Max,K-Max,115,Nutritional Supplement,,Magnesium,Mineral elements,Formulation,Yes
130,"Immunostimulant, Feed additive",Mutagen,Mutagen,118,Nutritional Supplement,,Magnesium,Mineral elements,Formulation,Yes
153,Immunostimulant,Soda mix,Soda mix,148,Nutritional Supplement,,Magnesium,Mineral elements,Formulation,Yes
154,Mineral elements,Soil Gold,Soil Gold,1,Sediment treatment,,Magnesium,Mineral elements,Formulation,Yes
150,Mineral elements,Shell min,Shell min,2,Nutritional Supplement,,Magnesium chloride,Feed Supplement,Formulation,Yes
62,Probiotic,Biomar,Biomax,2,Probiotic,,Magnesium oxide,Mineral elements,Formulation,Yes
117,Immunostimulant,DCP Plus,DCP Plus,1,Nutritional Supplement,,Magnesium sulphate,Inorganic compound,Formulation,Yes
150,Mineral elements,Shell min,Shell min,2,Nutritional Supplement,,Magnesium sulphate,Inorganic compound,Formulation,Yes
64,Immunostimulant,Blue Mix,Blue Mix,3,Immunostimulant,,Manganese,Mineral elements,Formulation,Yes
112,Immunostimulant,Chelamin,Chelamin,1,Nutritional Supplement,,Manganese,Mineral elements,Formulation,Yes
113,Bactericide/fungicide/virustatic,China Aqua Jet Plus,China Aqua Jet Plus,39,Disinfectant,,Manganese,Mineral elements,Formulation,Yes
117,Immunostimulant,DCP Plus,DCP Plus,1,Nutritional Supplement,,Manganese,Mineral elements,Formulation,Yes
122,Immunostimulant,Exorich,Exorich,15,Nutritional Supplement,,Manganese,Mineral elements,Formulation,Yes
154,Mineral elements,Soil Gold,Soil Gold,1,Sediment treatment,,Manganese,Mineral elements,Formulation,Yes
150,Mineral elements,Shell min,Shell min,2,Nutritional Supplement,,Manganese chloride,Feed Supplement,Formulation,Yes
62,Probiotic,Biomar,Biomax,2,Probiotic,,Manganese sulfate,Inorganic compound,Formulation,Yes
120,Immunostimulant,Eon Fish Grower,Eon Fish Grower,3,Nutritional Supplement,,Menadione sodium bisulfite complex,Vitamins,Formulation,Yes
63,Immunostimulant,Biozyme,Biozyme,4,Immunostimulant,,Methionine,Feed Supplement,Formulation,Yes
35,Pesticides,Methylene blue,Methylene blue,1,Disinfectant,,Methylthioninium chloride,Antimicrobial,Chemical,No
50,Feed supplements,Vitamins,Square aquamix,2,Nutritional Supplement,,Minerals,Mineral elements,Formulation,Yes
125,"Probiotic, Immunostimulant",Gut Plus,Gut Plus,6,Nutritional Supplement,,Minerals,Mineral elements,Formulation,Yes
149,Organic and inorganic compounds,Sentrox-Oma gel,Sentrox-Oma gel,10,Nutritional Supplement,,Minerals,Mineral elements,Formulation,Yes
153,Immunostimulant,Soda mix,Soda mix,148,Nutritional Supplement,,Minerals,Mineral elements,Formulation,Yes
157,Unknown,Viva Growth,Viva Growth,3,Nutritional Supplement,,Minerals,Mineral elements,Formulation,Yes
163,Probiotic,Zymetin,Zymetin,113,Probiotic,,Monosodium phosphate,Feed Supplement,Formulation,Yes
120,Immunostimulant,Eon Fish Grower,Eon Fish Grower,3,Nutritional Supplement,,Niacin,Vitamins,Formulation,Yes
122,Immunostimulant,Exorich,Exorich,15,Nutritional Supplement,,Niacin,Vitamins,Formulation,Yes
56,Mineral elements,A. Soil,A. Soil,72,Sediment treatment,,Nitrate,Fertiliser,Formulation,Yes
57,Probiotic,Bacten,Bacten,2,Probiotic,,Nitrobacter,Probiotic - bacteria,Formulation,Yes
62,Probiotic,Biomar,Biomax,2,Probiotic,,Nitrobacter,Probiotic - bacteria,Formulation,Yes
61,Probiotic,Biocult,Biocult,3,Probiotic,,Nitrogen,Fertiliser,Formulation,Yes
57,Probiotic,Bacten,Bacten,2,Probiotic,,Nitrosomonas,Probiotic - bacteria,Formulation,Yes
62,Probiotic,Biomar,Biomax,2,Probiotic,,Nitrosomonas,Probiotic - bacteria,Formulation,Yes
149,Organic and inorganic compounds,Sentrox-Oma gel,Sentrox-Oma gel,10,Nutritional Supplement,,Omega 3,Feed Supplement,Formulation,Yes
149,Organic and inorganic compounds,Sentrox-Oma gel,Sentrox-Oma gel,10,Nutritional Supplement,,Omega 6,Feed Supplement,Formulation,Yes
127,Immunostimulant,K-Max,K-Max,115,Nutritional Supplement,,Other nutrients,Feed Supplement,Formulation,Yes
37,Water and sediment,Oxygen supply agent,Oxygen supply agent,5,Oxygenation treatment,,Oxidant,Oxygen precursors,Formulation,Yes
160,"Oxygen supplier, Toxic gas reducer",Water care,Water care,66,Oxygenation treatment,,Oxide element,Oxygen precursors,Formulation,Yes
136,"Immunostimulant, Antibiotic",Ossi C,Ossi C,2,Immunostimulant,,Oxolinic Acid,Antimicrobial,Formulation,Yes
38,Antibiotics,Oxytetracycline,Terramycin,3,Antibiotic,Tetracycline,Oxytetracycline,Antimicrobial,Formulation,Yes
38,Antibiotics,Oxytetracyline,Terramycin,3,Antibiotic,Tetracycline,Oxytetracycline,Antimicrobial,Formulation,Yes
64,Immunostimulant,Blue Mix,Blue Mix,3,Immunostimulant,,Pantothenic acid,Vitamins,Formulation,Yes
122,Immunostimulant,Exorich,Exorich,15,Nutritional Supplement,,Pantothenic Acid,Vitamins,Formulation,Yes
59,Probiotic,Bio-fav Aqua,Bio-fav Aqua,1,Probiotic,,Paracoccus denitrificans,Probiotic - bacteria,Formulation,Yes
57,Probiotic,Bacten,Bacten,2,Probiotic,,Pectinase,Enzymes,Formulation,Yes
59,Probiotic,Bio-fav Aqua,Bio-fav Aqua,1,Probiotic,,Pediococcus,Probiotic - bacteria,Formulation,Yes
39,Pesticides,Phenthoate,Agricultural pesticide,16,Pesticide,Insecticide - organophosphate,Phenthoate,Pesticide,Chemical,No
56,Mineral elements,A. Soil,A. Soil,72,Sediment treatment,,Phosphorus,Fertiliser,Formulation,Yes
61,Probiotic,Biocult,Biocult,3,Probiotic,,Phosphorus,Fertiliser,Formulation,Yes
122,Immunostimulant,Exorich,Exorich,15,Nutritional Supplement,,Phosphorus,Fertiliser,Formulation,Yes
57,Probiotic,Bacten,Bacten,2,Probiotic,,Phytase,Enzymes,Formulation,Yes
66,Immunostimulant,C-150,C-150,1,Nutritional Supplement,,Vitamin C,Antioxidants,Formulation,Yes
67,Immunostimulant,C-150,C-150,1,Nutritional Supplement,,Vitamin C,Antioxidants,Formulation,Yes
68,Immunostimulant,C-151,C-150,1,Nutritional Supplement,,Vitamin C,Antioxidants,Formulation,Yes
69,Immunostimulant,C-152,C-150,1,Nutritional Supplement,,Vitamin C,Antioxidants,Formulation,Yes
70,Immunostimulant,C-153,C-150,1,Nutritional Supplement,,Vitamin C,Antioxidants,Formulation,Yes
71,Immunostimulant,C-154,C-150,1,Nutritional Supplement,,Vitamin C,Antioxidants,Formulation,Yes
72,Immunostimulant,C-155,C-150,1,Nutritional Supplement,,Vitamin C,Antioxidants,Formulation,Yes
73,Immunostimulant,C-156,C-150,1,Nutritional Supplement,,Vitamin C,Antioxidants,Formulation,Yes
74,Immunostimulant,C-157,C-150,1,Nutritional Supplement,,Vitamin C,Antioxidants,Formulation,Yes
75,Immunostimulant,C-158,C-150,1,Nutritional Supplement,,Vitamin C,Antioxidants,Formulation,Yes
76,Immunostimulant,C-159,C-150,1,Nutritional Supplement,,Vitamin C,Antioxidants,Formulation,Yes
77,Immunostimulant,C-160,C-150,1,Nutritional Supplement,,Vitamin C,Antioxidants,Formulation,Yes
78,Immunostimulant,C-161,C-150,1,Nutritional Supplement,,Vitamin C,Antioxidants,Formulation,Yes
79,Immunostimulant,C-162,C-150,1,Nutritional Supplement,,Vitamin C,Antioxidants,Formulation,Yes
80,Immunostimulant,C-163,C-150,1,Nutritional Supplement,,Vitamin C,Antioxidants,Formulation,Yes
81,Immunostimulant,C-164,C-150,1,Nutritional Supplement,,Vitamin C,Antioxidants,Formulation,Yes
82,Immunostimulant,C-165,C-150,1,Nutritional Supplement,,Vitamin C,Antioxidants,Formulation,Yes
83,Immunostimulant,C-166,C-150,1,Nutritional Supplement,,Vitamin C,Antioxidants,Formulation,Yes
84,Immunostimulant,C-167,C-150,1,Nutritional Supplement,,Vitamin C,Antioxidants,Formulation,Yes
85,Immunostimulant,C-168,C-150,1,Nutritional Supplement,,Vitamin C,Antioxidants,Formulation,Yes
86,Immunostimulant,C-169,C-150,1,Nutritional Supplement,,Vitamin C,Antioxidants,Formulation,Yes
87,Immunostimulant,C-170,C-150,1,Nutritional Supplement,,Vitamin C,Antioxidants,Formulation,Yes
88,Immunostimulant,C-171,C-150,1,Nutritional Supplement,,Vitamin C,Antioxidants,Formulation,Yes
89,Immunostimulant,C-172,C-150,1,Nutritional Supplement,,Vitamin C,Antioxidants,Formulation,Yes
90,Immunostimulant,C-173,C-150,1,Nutritional Supplement,,Vitamin C,Antioxidants,Formulation,Yes
91,Immunostimulant,C-174,C-150,1,Nutritional Supplement,,Vitamin C,Antioxidants,Formulation,Yes
92,Immunostimulant,C-175,C-150,1,Nutritional Supplement,,Vitamin C,Antioxidants,Formulation,Yes
93,Immunostimulant,C-176,C-150,1,Nutritional Supplement,,Vitamin C,Antioxidants,Formulation,Yes
94,Immunostimulant,C-177,C-150,1,Nutritional Supplement,,Vitamin C,Antioxidants,Formulation,Yes
95,Immunostimulant,C-178,C-150,1,Nutritional Supplement,,Vitamin C,Antioxidants,Formulation,Yes
96,Immunostimulant,C-179,C-150,1,Nutritional Supplement,,Vitamin C,Antioxidants,Formulation,Yes
97,Immunostimulant,C-180,C-150,1,Nutritional Supplement,,Vitamin C,Antioxidants,Formulation,Yes
98,Immunostimulant,C-181,C-150,1,Nutritional Supplement,,Vitamin C,Antioxidants,Formulation,Yes
99,Immunostimulant,C-182,C-150,1,Nutritional Supplement,,Vitamin C,Antioxidants,Formulation,Yes
100,Immunostimulant,C-183,C-150,1,Nutritional Supplement,,Vitamin C,Antioxidants,Formulation,Yes
101,Immunostimulant,C-184,C-150,1,Nutritional Supplement,,Vitamin C,Antioxidants,Formulation,Yes
102,Immunostimulant,C-185,C-150,1,Nutritional Supplement,,Vitamin C,Antioxidants,Formulation,Yes
103,Immunostimulant,C-186,C-150,1,Nutritional Supplement,,Vitamin C,Antioxidants,Formulation,Yes
104,Immunostimulant,C-187,C-150,1,Nutritional Supplement,,Vitamin C,Antioxidants,Formulation,Yes
105,Immunostimulant,C-188,C-150,1,Nutritional Supplement,,Vitamin C,Antioxidants,Formulation,Yes
106,Immunostimulant,C-189,C-150,1,Nutritional Supplement,,Vitamin C,Antioxidants,Formulation,Yes
107,Immunostimulant,C-190,C-150,1,Nutritional Supplement,,Vitamin C,Antioxidants,Formulation,Yes
108,Immunostimulant,C-191,C-150,1,Nutritional Supplement,,Vitamin C,Antioxidants,Formulation,Yes
109,Immunostimulant,C-192,C-150,1,Nutritional Supplement,,Vitamin C,Antioxidants,Formulation,Yes
56,Mineral elements,A. Soil,A. Soil,72,Sediment treatment,,Potassium,Fertiliser,Formulation,Yes
63,Immunostimulant,Biozyme,Biozyme,4,Immunostimulant,,Potassium,Fertiliser,Formulation,Yes
112,Immunostimulant,Chelamin,Chelamin,1,Nutritional Supplement,,Potassium,Fertiliser,Formulation,Yes
122,Immunostimulant,Exorich,Exorich,15,Nutritional Supplement,,Potassium,Fertiliser,Formulation,Yes
128,Bactericide/virustatic,Metro Aqua Solution,Metro Aqua Solution,17,Sediment treatment,,Potassium,Fertiliser,Formulation,Yes
153,Immunostimulant,Soda mix,Soda mix,148,Nutritional Supplement,,Potassium,Fertiliser,Formulation,Yes
154,Mineral elements,Soil Gold,Soil Gold,1,Sediment treatment,,Potassium,Fertiliser,Formulation,Yes
150,Mineral elements,Shell min,Shell min,2,Nutritional Supplement,,Potassium chloride,Inorganic compound,Formulation,Yes
40,Disinfectants,Potassium permanganate,Potassium permanganate,23,Disinfectant,,Potassium permanganate,Disinfectants - Non Cl based,Chemical,No
113,Bactericide/fungicide/virustatic,China Aqua Jet Plus,China Aqua Jet Plus,39,Disinfectant,,Potassium permanganate,Disinfectants - Non Cl based,Formulation,Yes
1,Pesticides,(Ag)Rifit(Trade name),(Ag)Rifit(Trade name),1,Pesticide,Herbicide,Pretilachlor,Pesticide,Formulation,Yes
2,Herbicide,(Ag)Rifit(Trade name),(Ag)Rifit(Trade name),1,Pesticide,Herbicide,Pretilachlor,Pesticide,Formulation,Yes
134,"Immunostimulant, Antibiotic",Nutrigel,Nutrigel,1,Nutritional Supplement,,Probiotic,Probiotic - bacteria,Formulation,Yes
57,Probiotic,Bacten,Bacten,2,Probiotic,,Protease,Enzymes,Formulation,Yes
63,Immunostimulant,Biozyme,Biozyme,4,Immunostimulant,,Protease,Enzymes,Formulation,Yes
163,Probiotic,Zymetin,Zymetin,113,Probiotic,,Protease,Enzymes,Formulation,Yes
63,Immunostimulant,Biozyme,Biozyme,4,Immunostimulant,,Protein,Feed Supplement,Formulation,Yes
123,Immunostimulant,Gelatin,Gelatin,23,Nutritional Supplement,,Protein,Feed Supplement,Formulation,Yes
134,"Immunostimulant, Antibiotic",Nutrigel,Nutrigel,1,Nutritional Supplement,,Protein hydrosilate,Feed Supplement,Formulation,Yes
62,Probiotic,Biomar,Biomax,2,Probiotic,,Pseudomonas denitrificans,Probiotic - bacteria,Formulation,Yes
122,Immunostimulant,Exorich,Exorich,15,Nutritional Supplement,,Pyridoxine,Vitamins,Formulation,Yes
120,Immunostimulant,Eon Fish Grower,Eon Fish Grower,3,Nutritional Supplement,,Pyridoxine hydrochloride,Vitamins,Formulation,Yes
51,Pesticides,Zaddid (Trade name),Zaddid (Trade name),1,Pesticide,Insecticide - piscicide,Pyriproxyfen,Pesticide,Formulation,Yes
156,Probiotic,Super PS,Super PS,159,Probiotic,,Rhodoccus sp.,Probiotic - bacteria,Formulation,Yes
120,Immunostimulant,Eon Fish Grower,Eon Fish Grower,3,Nutritional Supplement,,Riboflavin,Vitamins,Formulation,Yes
122,Immunostimulant,Exorich,Exorich,15,Nutritional Supplement,,Riboflavin,Vitamins,Formulation,Yes
41,Pesticides,Rotenone,Rotenone,17,Pesticide,Insecticide - piscicide,Rotenone,Pesticide,Chemical,No
50,Feed supplements,Vitamins,Square aquamix,2,Nutritional Supplement,,Saccharomyces cerevisiae,Probiotic - other,Formulation,Yes
62,Probiotic,Biomar,Biomax,2,Probiotic,,Saccharomyces cerevisiae,Probiotic - other,Formulation,Yes
63,Immunostimulant,Biozyme,Biozyme,4,Immunostimulant,,Saccharomyces cerevisiae,Probiotic - other,Formulation,Yes
158,Unknown,Viva Pond,Viva Pond,3,Probiotic,,Saponin steroid,Feed Supplement,Formulation,Yes
162,Toxic gas reducer,Yuca,Yuca,1,Water quality treatment,,Saponin steroid,Feed Supplement,Formulation,Yes
63,Immunostimulant,Biozyme,Biozyme,4,Immunostimulant,,Selenium,Mineral elements,Formulation,Yes
64,Immunostimulant,Blue Mix,Blue Mix,3,Immunostimulant,,Selenium,Mineral elements,Formulation,Yes
122,Immunostimulant,Exorich,Exorich,15,Nutritional Supplement,,Selenium,Mineral elements,Formulation,Yes
146,Enhance natural food,Sanolife Nutrilake,Sanolife Nutrilake,3,Sediment treatment,,Silicate,Inorganic compound,Formulation,Yes
56,Mineral elements,A. Soil,A. Soil,72,Sediment treatment,,Silicon,Mineral elements,Formulation,Yes
62,Probiotic,Biomar,Biomax,2,Probiotic,,Silicon dioxide,Inorganic compound,Formulation,Yes
130,"Immunostimulant, Feed additive",Mutagen,Mutagen,118,Nutritional Supplement,,Silicon dioxide,Inorganic compound,Formulation,Yes
56,Mineral elements,A. Soil,A. Soil,72,Sediment treatment,,Sodium,Mineral elements,Formulation,Yes
122,Immunostimulant,Exorich,Exorich,15,Nutritional Supplement,,Sodium,Mineral elements,Formulation,Yes
128,Bactericide/virustatic,Metro Aqua Solution,Metro Aqua Solution,17,Water quality treatment,,Sodium,Mineral elements,Formulation,Yes
151,Minerals and liming compounds,Soda Fix,Soda Fix,1,Nutritional Supplement,,Sodium,Mineral elements,Formulation,Yes
153,Immunostimulant,Soda mix,Soda mix,148,Nutritional Supplement,,Sodium,Mineral elements,Formulation,Yes
116,Unknown,Classic Aqua Z Powder,Classic Aqua Z Powder,10,Water quality treatment,,Sodium aluminosilicate,Pesticide,Formulation,Yes
116,Unknown,Classic Aqua Z Powder,Classic Aqua Z Powder,10,Water quality treatment,,Sodium aluminosilicate,Pesticide,Formulation,Yes
159,Unknown,Viva Soil,Viva Soil,7,Probiotic,,Sodium aluminosilicate,Pesticide,Formulation,Yes
130,"Immunostimulant, Feed additive",Mutagen,Mutagen,118,Nutritional Supplement,,Sodium bicarbonate,Inorganic compound,Formulation,Yes
46,Water and sediment,Sodium chloride,Sodium chloride,3,Water quality treatment,,Sodium chloride,Inorganic compound,Chemical,No
46,Water and sediment,Sodium chloride,Sodium chloride,3,Water quality treatment,,Sodium chloride,Inorganic compound,Chemical,No
117,Immunostimulant,DCP Plus,DCP Plus,1,Nutritional Supplement,,Sodium chloride,Inorganic compound,Formulation,Yes
150,Mineral elements,Shell min,Shell min,2,Nutritional Supplement,,Sodium chloride,Inorganic compound,Formulation,Yes
160,"Oxygen supplier, Toxic gas reducer",Water care,Water care,66,Water quality treatment,,Sodium chloride,Inorganic compound,Formulation,Yes
146,Enhance natural food,Sanolife Nutrilake,Sanolife Nutrilake,3,Sediment treatment,,Sodium nitrate,Fertiliser,Formulation,Yes
154,Mineral elements,Soil Gold,Soil Gold,1,Sediment treatment,,Sodium nitrate,Fertiliser,Formulation,Yes
138,Oxygen supplier,Oxy- Glod,Oxy- Glod,1,Oxygenation treatment,,Sodium percarbonate,Oxygen precursors,Formulation,Yes
139,Oxygen supplier,Oxy-pH,Oxy-pH,9,Oxygenation treatment,,Sodium percarbonate,Oxygen precursors,Formulation,Yes
147,Oxygen supplier,Sea Fresh,Sea Fresh,2,Oxygenation treatment,,Sodium percarbonate,Oxygen precursors,Formulation,Yes
134,"Immunostimulant, Antibiotic",Nutrigel,Nutrigel,1,Nutritional Supplement,,Sodium selenite,Inorganic compound,Formulation,Yes
154,Mineral elements,Soil Gold,Soil Gold,1,Sediment treatment,,Sodium silicate,Inorganic compound,Formulation,Yes
42,Pesticides,Sabichorn (Trade name),Sabichorn (Trade name),1,Pesticide,Insecticide - piscicide,Spinosad,Pesticide,Formulation,Yes
163,Probiotic,Zymetin,Zymetin,113,Probiotic,,Squid and cod liver oil,Feed Supplement,Formulation,Yes
36,Disinfectants,Other disinfectants,Timsen,1,Disinfectant,,Stabilized Urea,Fertiliser,Formulation,Yes
142,Anticeptic,Prawn Tech,Prawn Tech,39,Disinfectant,,Stabilized Urea,Fertiliser,Formulation,Yes
163,Probiotic,Zymetin,Zymetin,113,Probiotic,,Streptococcus faecalis,Probiotic - bacteria,Formulation,Yes
130,"Immunostimulant, Feed additive",Mutagen,Mutagen,118,Nutritional Supplement,,Sucrose,Feed Supplement,Formulation,Yes
56,Mineral elements,A. Soil,A. Soil,72,Sediment treatment,,Sulfate,Pesticide,Formulation,Yes
109,Immunostimulant,Calmag,Calmag,144,Nutritional Supplement,,Sulfate,Pesticide,Formulation,Yes
153,Immunostimulant,Soda mix,Soda mix,148,Nutritional Supplement,,Sulfate,Pesticide,Formulation,Yes
43,Water and sediment,Salpher,Salpher,37,Water quality treatment,,Sulfur,Mineral elements,Chemical,No
44,Water and sediment,Salpher,Salpher,37,Sediment treatment,,Sulfur,Mineral elements,Chemical,No
61,Probiotic,Biocult,Biocult,3,Probiotic,,Sulfur,Mineral elements,Formulation,Yes
113,Bactericide/fungicide/virustatic,China Aqua Jet Plus,China Aqua Jet Plus,39,Disinfectant,,Sulfur,Mineral elements,Formulation,Yes
159,Unknown,Viva Soil,Viva Soil,7,Probiotic,,Sulfur,Mineral elements,Formulation,Yes
49,Pesticides,Sorafos (Trade name),Sorafos (Trade name),1,Pesticide,Insecticide - piscicide,Sulfuryl fluoride,Pesticide,Formulation,Yes
130,"Immunostimulant, Feed additive",Mutagen,Mutagen,118,Nutritional Supplement,,Sunset yellow FCF,Feed Supplement,Formulation,Yes
122,Immunostimulant,Exorich,Exorich,15,Nutritional Supplement,,Thiamine,Vitamins,Formulation,Yes
59,Probiotic,Bio-fav Aqua,Bio-fav Aqua,1,Probiotic,,Thiobacillus denitrificans,Probiotic - bacteria,Formulation,Yes
148,Trace minerals,Sea Max,Sea Max,6,Nutritional Supplement,,Trace element,Mineral elements,Formulation,Yes
62,Probiotic,Biomar,Biomax,2,Probiotic,,Vanadium oxide,Inorganic compound,Formulation,Yes
130,"Immunostimulant, Feed additive",Mutagen,Mutagen,118,Nutritional Supplement,,Vanilla flavour,Feed Supplement,Formulation,Yes
63,Immunostimulant,Biozyme,Biozyme,4,Immunostimulant,,Vitamin  E,Vitamins,Formulation,Yes
63,Immunostimulant,Biozyme,Biozyme,4,Immunostimulant,,Vitamin A,Vitamins,Formulation,Yes
64,Immunostimulant,Blue Mix,Blue Mix,3,Immunostimulant,,Vitamin A,Vitamins,Formulation,Yes
120,Immunostimulant,Eon Fish Grower,Eon Fish Grower,3,Nutritional Supplement,,Vitamin A,Vitamins,Formulation,Yes
122,Immunostimulant,Exorich,Exorich,15,Nutritional Supplement,,Vitamin A,Vitamins,Formulation,Yes
130,"Immunostimulant, Feed additive",Mutagen,Mutagen,118,Nutritional Supplement,,Vitamin A,Vitamins,Formulation,Yes
133,Immunostimulant,Nutri Gel,Nutri Gel,1,Nutritional Supplement,,Vitamin A,Vitamins,Formulation,Yes
134,"Immunostimulant, Antibiotic",Nutrigel,Nutrigel,1,Nutritional Supplement,,Vitamin A,Vitamins,Formulation,Yes
64,Immunostimulant,Blue Mix,Blue Mix,3,Immunostimulant,,Vitamin B1,Vitamins,Formulation,Yes
63,Immunostimulant,Biozyme,Biozyme,4,Immunostimulant,,Vitamin B2,Vitamins,Formulation,Yes
64,Immunostimulant,Blue Mix,Blue Mix,3,Immunostimulant,,Vitamin B2,Vitamins,Formulation,Yes
130,"Immunostimulant, Feed additive",Mutagen,Mutagen,118,Nutritional Supplement,,Vitamin B2,Vitamins,Formulation,Yes
63,Immunostimulant,Biozyme,Biozyme,4,Immunostimulant,,Vitamin B6,Vitamins,Formulation,Yes
64,Immunostimulant,Blue Mix,Blue Mix,3,Immunostimulant,,Vitamin B6,Vitamins,Formulation,Yes
6,Feed supplements,Ascorbic acid,Ascorbic acid,3,Nutritional Supplement,,Vitamin C,Antioxidants,Chemical,No
65,Unknown,C+,C+,8,Immunostimulant,,Vitamin C,Antioxidants,Formulation,Yes
121,Immunostimulant,Eskavit C,Eskavit C,2,Immunostimulant,,Vitamin C,Antioxidants,Formulation,Yes
122,Immunostimulant,Exorich,Exorich,15,Nutritional Supplement,,Vitamin C,Antioxidants,Formulation,Yes
130,"Immunostimulant, Feed additive",Mutagen,Mutagen,118,Nutritional Supplement,,Vitamin C,Antioxidants,Formulation,Yes
134,"Immunostimulant, Antibiotic",Nutrigel,Nutrigel,1,Nutritional Supplement,,Vitamin C,Antioxidants,Formulation,Yes
136,"Immunostimulant, Antibiotic",Ossi C,Ossi C,2,Immunostimulant,,Vitamin C,Antioxidants,Formulation,Yes
64,Immunostimulant,Blue Mix,Blue Mix,3,Immunostimulant,,Vitamin D3,Antioxidants,Formulation,Yes
122,Immunostimulant,Exorich,Exorich,15,Nutritional Supplement,,Vitamin D3,Antioxidants,Formulation,Yes
123,Immunostimulant,Gelatin,Gelatin,23,Nutritional Supplement,,Vitamin D3,Antioxidants,Formulation,Yes
133,Immunostimulant,Nutri Gel,Nutri Gel,1,Nutritional Supplement,,Vitamin D3,Antioxidants,Formulation,Yes
134,"Immunostimulant, Antibiotic",Nutrigel,Nutrigel,1,Nutritional Supplement,,Vitamin D3,Antioxidants,Formulation,Yes
64,Immunostimulant,Blue Mix,Blue Mix,3,Immunostimulant,,Vitamin E,Vitamins,Formulation,Yes
122,Immunostimulant,Exorich,Exorich,15,Nutritional Supplement,,Vitamin E,Vitamins,Formulation,Yes
130,"Immunostimulant, Feed additive",Mutagen,Mutagen,118,Nutritional Supplement,,Vitamin E,Vitamins,Formulation,Yes
133,Immunostimulant,Nutri Gel,Nutri Gel,1,Nutritional Supplement,,Vitamin E,Vitamins,Formulation,Yes
64,Immunostimulant,Blue Mix,Blue Mix,3,Immunostimulant,,Vitamin K3,Vitamins,Formulation,Yes
120,Immunostimulant,Eon Fish Grower,Eon Fish Grower,3,Nutritional Supplement,,Vitamin K3,Vitamins,Formulation,Yes
122,Immunostimulant,Exorich,Exorich,15,Nutritional Supplement,,Vitamin K3,Vitamins,Formulation,Yes
133,Immunostimulant,Nutri Gel,Nutri Gel,1,Nutritional Supplement,,Vitamin K3,Vitamins,Formulation,Yes
125,"Probiotic, Immunostimulant",Gut Plus,Gut Plus,6,Nutritional Supplement,,Vitamins,Vitamins,Formulation,Yes
157,Unknown,Viva Growth,Viva Growth,3,Nutritional Supplement,,Vitamins,Vitamins,Formulation,Yes
163,Probiotic,Zymetin,Zymetin,113,Probiotic,,Vitamins,Vitamins,Formulation,Yes
130,"Immunostimulant, Feed additive",Mutagen,Mutagen,118,Nutritional Supplement,,Wheat flour,Feed Supplement,Formulation,Yes
58,Toxic gas reducer,Bio clean,Bio clean,24,Water quality treatment,,Yucca plant extract,Coagulant,Formulation,Yes
52,Water and sediment,Zeolite,Zeolite,90,Water quality treatment,,Zeolite,Coagulant,Chemical,No
52,Water and sediment,Zeolite,Zeolite,90,Water quality treatment,,Zeolite,Coagulant,Chemical,No
63,Immunostimulant,Biozyme,Biozyme,4,Immunostimulant,,Zinc,Mineral elements,Formulation,Yes
64,Immunostimulant,Blue Mix,Blue Mix,3,Immunostimulant,,Zinc,Mineral elements,Formulation,Yes
112,Immunostimulant,Chelamin,Chelamin,1,Nutritional Supplement,,Zinc,Mineral elements,Formulation,Yes
117,Immunostimulant,DCP Plus,DCP Plus,1,Nutritional Supplement,,Zinc,Mineral elements,Formulation,Yes
122,Immunostimulant,Exorich,Exorich,15,Nutritional Supplement,,Zinc,Mineral elements,Formulation,Yes
150,Mineral elements,Shell min,Shell min,2,Nutritional Supplement,,Zinc chloride,Inorganic compound,Formulation,Yes
54,Water and sediment,Zinc Oxide,Zinc Oxide,1,Water quality treatment,,Zinc oxide,Antimicrobial,Chemical,No
54,Water and sediment,Zinc Oxide,Zinc Oxide,1,Water quality treatment,,Zinc oxide,Antimicrobial,Chemical,No
124,Unclear,Grow Zinc,Grow Zinc,2,Nutritional Supplement,,Zinc sulphate,Inorganic compound,Formulation,Yes
